accuracy,cross_entropy_loss,delete_gate_average,delete_gate_loss,delete_gate_loss_coeff,delete_gate_max_value,delete_gate_min_value,delete_gate_std,epoch,eval/accuracy,eval/avg_seq_len,eval/compute_saved_pct,eval/cross_entropy_loss,eval/delete_gate_average,eval/delete_gate_loss,eval/delete_gate_loss_coeff,eval/delete_gate_max_value,eval/delete_gate_min_value,eval/delete_gate_std,eval/dropped_words_pct,eval/end_acc,eval/hard_cross_entropy_loss,eval/hard_prediction_seq_accuracy,eval/hard_prediction_token_accuracy,eval/hard_total_loss,eval/loss,eval/new_seq_len,eval/percent_deleted_tokens,eval/percent_non_pad_deleted_tokens,eval/prediction_seq_accuracy,eval/prediction_token_accuracy,eval/runtime,eval/samples_per_second,eval/soft_cross_entropy_loss,eval/soft_prediction_seq_accuracy,eval/soft_prediction_token_accuracy,eval/soft_total_loss,eval/span_em,eval/start_acc,eval/steps_per_second,learning_rate,loss,new_seq_len,percent_deleted_tokens,percent_non_pad_deleted_tokens,project,run_id,run_name,state,test/accuracy,test/avg_seq_len,test/compute_saved_pct,test/cross_entropy_loss,test/delete_gate_average,test/dropped_words_pct,test/end_acc,test/loss,test/new_seq_len,test/percent_deleted_tokens,test/percent_non_pad_deleted_tokens,test/runtime,test/samples_per_second,test/seq_len_reduction_pct,test/span_em,test/start_acc,test/steps_per_second,total_flos,total_loss,train/accuracy,train/actor_lr,train/critic_loss,train/critic_lr,train/cross_entropy_loss,train/delete_gate_average,train/delete_gate_loss,train/delete_gate_loss_coeff,train/delete_gate_max_value,train/delete_gate_min_value,train/delete_gate_std,train/elapsed_time,train/elapsed_time_hrs,train/epoch,train/epoch_progress,train/eval/accuracy,train/eval/cross_entropy_loss,train/eval/delete_gate_average,train/eval/loss,train/eval/new_seq_len,train/eval/percent_deleted_tokens,train/eval/percent_non_pad_deleted_tokens,train/global_step,train/grad_norm,train/kl,train/learning_rate,train/loss,train/new_seq_len,train/percent_deleted_tokens,train/percent_non_pad_deleted_tokens,train/policy_loss,train/prediction_seq_accuracy,train/prediction_token_accuracy,train/response_length,train/return,train/reward,train/seq_len_reduction_pct,train/total_length,train/total_loss,train/train/accuracy,train/train/cross_entropy_loss,train/train/delete_gate_average,train/train/delete_gate_loss,train/train/delete_gate_loss_coeff,train/train/delete_gate_max_value,train/train/delete_gate_min_value,train/train/delete_gate_std,train/train/loss,train/train/new_seq_len,train/train/percent_deleted_tokens,train/train/percent_non_pad_deleted_tokens,train/values,train_loss,train_runtime,train_samples_per_second,train_steps_per_second,url
,,,,,,,,,,,,,-4.9774,-0.2944,0.0592,-0.0037,-29.2164,10.3618,,,0.0021,0.9966,0.9999,-0.2922,-0.2922433018684387,56.3525,18.5867,18.5867,,,76.7369,208.505,0,1,1,-0.2947,,,26.063,,,,,,diagnostic_mrt5,UnVuOnYxOmN3Mjk1Z2R6OmRpYWdub3N0aWNfbXJ0NTphcm9uaW1hNy1zdGFuZm9yZC11bml2ZXJzaXR5,MrT5_byt5-small_seed42,failed,,,,,,,,,,,,,,,,,,,,,,,,0.1095,-14.0331,-0.5418,0.0412,-7.2708,-29.9703,7.8992,,,0.34,,,,,,,,,10250,8.617141723632812,,6.583333333333334e-05,-0.4323,64,23.75,23.75,,0.4575,0.9808,,,,,,-0.4323,,,,,,,,,,,,,,,,,,https://wandb.ai/aronima7-stanford-university/diagnostic_mrt5/runs/UnVuOnYxOmN3Mjk1Z2R6OmRpYWdub3N0aWNfbXJ0NTphcm9uaW1hNy1zdGFuZm9yZC11bml2ZXJzaXR5
,,,,,,,,,,,,0,,,,,,,,,,,,,1.320259613440955e-11,,,,1,1,37.4791,426.905,,,,,,,53.363,,,,,,diagnostic_mrt5,UnVuOnYxOmlzeGVmaXhzOmRpYWdub3N0aWNfbXJ0NTphcm9uaW1hNy1zdGFuZm9yZC11bml2ZXJzaXR5,T5_byt5-small_seed42,finished,,,,,,,,,,,,,,,,,,220499898531840000,,,,,,0,,,,,,,,,1.33,,,,,,,,,30000,0.016362767666578293,,0,0,,,,,1,1,,,,,,,,,,,,,,,,,,,,0.002333371168873661,9267.5994,207.173,3.237,https://wandb.ai/aronima7-stanford-university/diagnostic_mrt5/runs/UnVuOnYxOmlzeGVmaXhzOmRpYWdub3N0aWNfbXJ0NTphcm9uaW1hNy1zdGFuZm9yZC11bml2ZXJzaXR5
,,,,,,,,,,,,,-4.9774,-0.3399,0.0684,-0.0037,-29.2164,10.3618,,,0.0021,0.9966,0.9999,-0.3378,-0.33777719736099243,56.3525,18.5867,18.5867,,,77.9239,205.328,0,1,1,-0.3405,,,25.666,,,,,,diagnostic_mrt5,UnVuOnYxOjNhdGcwdjVpOmRpYWdub3N0aWNfbXJ0NTphcm9uaW1hNy1zdGFuZm9yZC11bml2ZXJzaXR5,MrT5_byt5-small_seed42,failed,,,,,,,,,,,,,,,,,,,,,,,,0.113,-11.4392,-0.821,0.0724,-4.1992,-29.9613,9.1847,,,0.34,,,,,,,,,10150,9.221322059631348,,6.616666666666667e-05,-0.7081,64,20.9287,20.9287,,0.4431,0.9804,,,,,,-0.7081,,,,,,,,,,,,,,,,,,https://wandb.ai/aronima7-stanford-university/diagnostic_mrt5/runs/UnVuOnYxOjNhdGcwdjVpOmRpYWdub3N0aWNfbXJ0NTphcm9uaW1hNy1zdGFuZm9yZC11bml2ZXJzaXR5
,,,,,,,,,,,,,-4.7766,-0.4777,0.1,-0.0008,-28.8874,9.9901,,,0.025,0.9394,0.9981,0.025,0.025021811947226524,56.397,18.494,18.494,,,383.9305,41.674,0,1,1,0,,,5.209,,,,,,diagnostic_mrt5,UnVuOnYxOjI3dnVua2FvOmRpYWdub3N0aWNfbXJ0NTphcm9uaW1hNy1zdGFuZm9yZC11bml2ZXJzaXR5,MrT5_byt5-small_seed42,crashed,,,,,,,,,,,,,,,,,,,,,,,,0.0011,-4.6244,-0.4624,0.1,-0.0011,-29.0673,9.6695,,,0.13,,,,,,,,,4000,0.026548104360699657,,8.666666666666667e-05,0.0011,64,18.0703,18.0703,,0.9909,0.9998,,,,,,0.0011,,,,,,,,,,,,,,,,,,https://wandb.ai/aronima7-stanford-university/diagnostic_mrt5/runs/UnVuOnYxOjI3dnVua2FvOmRpYWdub3N0aWNfbXJ0NTphcm9uaW1hNy1zdGFuZm9yZC11bml2ZXJzaXR5
,,,,,,,,,,,,0,,,,,,,,,,,,,3.5939343945301516e-08,,,,1,1,192.764,83.003,,,,,,,10.375,,,,,,diagnostic_mrt5,UnVuOnYxOjZmYTNscGZzOmRpYWdub3N0aWNfbXJ0NTphcm9uaW1hNy1zdGFuZm9yZC11bml2ZXJzaXR5,T5_byt5-small_seed42,crashed,,,,,,,,,,,,,,,,,,,,,,,,0.0006,,,,,,,,,0.15,,,,,,,,,4400,0.05240496248006821,,8.533333333333334e-05,0.0006,,,,,0.9919,0.9998,,,,,,,,,,,,,,,,,,,,,,,,https://wandb.ai/aronima7-stanford-university/diagnostic_mrt5/runs/UnVuOnYxOjZmYTNscGZzOmRpYWdub3N0aWNfbXJ0NTphcm9uaW1hNy1zdGFuZm9yZC11bml2ZXJzaXR5
,,,,,,,,,,,,,,,,,,,,,,,,,,,,,,,,,,,,,,,,,,,,,diagnostic_mrt5,UnVuOnYxOmllZTU3OTloOmRpYWdub3N0aWNfbXJ0NTphcm9uaW1hNy1zdGFuZm9yZC11bml2ZXJzaXR5,MrT5_byt5-small_seed42,failed,,,,,,,,,,,,,,,,,,,,,,,,0.0164,-18.2069,-0.0444,0.0027,-13.7063,-29.5428,5.1537,,,0.03,,,,,,,,,1000,1.0077964067459106,,9.666666666666668e-05,-0.0281,64,72.7456,72.7456,,0.8469,0.9967,,,,,,-0.0281,,,,,,,,,,,,,,,,,,https://wandb.ai/aronima7-stanford-university/diagnostic_mrt5/runs/UnVuOnYxOmllZTU3OTloOmRpYWdub3N0aWNfbXJ0NTphcm9uaW1hNy1zdGFuZm9yZC11bml2ZXJzaXR5
,,,,,,,,,,,,,,,,,,,,,,,,,,,,,,,,,,,,,,,,,,,,,diagnostic_mrt5,UnVuOnYxOmFkZzFvaXZhOmRpYWdub3N0aWNfbXJ0NTphcm9uaW1hNy1zdGFuZm9yZC11bml2ZXJzaXR5,T5_byt5-small_seed42,crashed,,,,,,,,,,,,,,,,,,,,,,,,,,,,,,,,,,,,,,,,,,,,,,,,,,,,,,,,,,,,,,,,,,,,,,,,,,,,https://wandb.ai/aronima7-stanford-university/diagnostic_mrt5/runs/UnVuOnYxOmFkZzFvaXZhOmRpYWdub3N0aWNfbXJ0NTphcm9uaW1hNy1zdGFuZm9yZC11bml2ZXJzaXR5
,,,,,,,,,,,,,,,,,,,,,,,,,,,,,,,,,,,,,,,,,,,,,diagnostic_mrt5,UnVuOnYxOncxaWYzcGtoOmRpYWdub3N0aWNfbXJ0NTphcm9uaW1hNy1zdGFuZm9yZC11bml2ZXJzaXR5,MrT5_byt5-small_seed42,crashed,,,,,,,,,,,,,,,,,,,,,,,,,,,,,,,,,,,,,,,,,,,,,,,,,,,,,,,,,,,,,,,,,,,,,,,,,,,,https://wandb.ai/aronima7-stanford-university/diagnostic_mrt5/runs/UnVuOnYxOncxaWYzcGtoOmRpYWdub3N0aWNfbXJ0NTphcm9uaW1hNy1zdGFuZm9yZC11bml2ZXJzaXR5
,,,,,,,,,,,,,,,,,,,,,,,,,,,,,,,,,,,,,,,,,,,,,diagnostic_mrt5,UnVuOnYxOmZwczRqeXFqOmRpYWdub3N0aWNfbXJ0NTphcm9uaW1hNy1zdGFuZm9yZC11bml2ZXJzaXR5,MrT5_byt5-small_seed42,finished,,,,,,,,,,,,,,,,,,36750344970240,,,,,,5.0296,-6.8545,-0.4431,0.0667,-0.7628,-21.0386,4.6705,,,1,,,,,,,,,5,,,,,64,7.3975,7.3975,,0,0.1054,,,,,,4.5864,,,,,,,,,,,,,,4.5864418029785154,609.7976,0.525,0.008,https://wandb.ai/aronima7-stanford-university/diagnostic_mrt5/runs/UnVuOnYxOmZwczRqeXFqOmRpYWdub3N0aWNfbXJ0NTphcm9uaW1hNy1zdGFuZm9yZC11bml2ZXJzaXR5
,,,,,,,,,0.8968,,,,,,,,,,,,,,,,0.16379468142986298,,,,,,21.4295,116.662,,,,,,,7.326,,,,,,mrbert,UnVuOnYxOnN6cGtvdmw0Om1yYmVydDphcm9uaW1hNy1zdGFuZm9yZC11bml2ZXJzaXR5,mrbert-imdb,crashed,,,,,,,,,,,,,,,,,,,,0.8961,,,,0.259,-14.6234,-0.9212,0.1,0,-27.0601,11.3361,0h 04m 13s,,0.2132196162046908,Epoch 0.21/10.0,,,,,,,,300,8.525997161865234,,1.9402e-05,0.1646,270.9467,47.0807,0,,,,,,,47.08,,,,,,,,,,,,,,,,,,,,https://wandb.ai/aronima7-stanford-university/mrbert/runs/UnVuOnYxOnN6cGtvdmw0Om1yYmVydDphcm9uaW1hNy1zdGFuZm9yZC11bml2ZXJzaXR5
,,,,,,,,,0.8529411764705882,,,,,,,,,,,,,,,,1.1811754703521729,,,,,,0.6475,630.102,,,,,,,20.077,,,,,,mrbert,UnVuOnYxOmc0dWZjbjB5Om1yYmVydDphcm9uaW1hNy1zdGFuZm9yZC11bml2ZXJzaXR5,bert-mrpc-baseline,crashed,,,,,,,,,,,,,,,,,,,,0.8526,,,,1.1843,,,,,,,,,17.82608695652174,,,,,,,,,2050,3.065321922302246,,6.34e-06,0.0024,,,,,,,,,,,,,,,,,,,,,,,,,,,,,,https://wandb.ai/aronima7-stanford-university/mrbert/runs/UnVuOnYxOmc0dWZjbjB5Om1yYmVydDphcm9uaW1hNy1zdGFuZm9yZC11bml2ZXJzaXR5
,,,,,,,,,0.9243119266055044,,,,,,,,,,,,,,,,0.2201174646615982,,,,,,1.3835,630.269,,,,,,,20.238,,,,,,mrbert,UnVuOnYxOnRmN29yd2trOm1yYmVydDphcm9uaW1hNy1zdGFuZm9yZC11bml2ZXJzaXR5,bert-sst2-baseline,crashed,,,,,,,,,,,,,,,,,,,,0.9263,,,,0.2187,,,,,,,,,0.9026128266033254,,,,,,,,,1900,8.205204010009766,,1.6202000000000002e-05,0.1586,,,,,,,,,,,,,,,,,,,,,,,,,,,,,,https://wandb.ai/aronima7-stanford-university/mrbert/runs/UnVuOnYxOnRmN29yd2trOm1yYmVydDphcm9uaW1hNy1zdGFuZm9yZC11bml2ZXJzaXR5
,,,,,,,,,0.9162844036697247,,,,,,,,,,,,,,,,0.2020544856786728,,,,,,1.5668,556.533,,,,,,,17.87,,,,,,mrbert,UnVuOnYxOmJxeGV0ZWhsOm1yYmVydDphcm9uaW1hNy1zdGFuZm9yZC11bml2ZXJzaXR5,mrbert-sst2,killed,,,,,,,,,,,,,,,,,,,,0.9185,,,,0.2072,-24.3228,-0.6167,0.008,0,-30,8.4049,0h 06m 40s,,0.9501187648456056,Epoch 0.95/10.0,,,,,,,,2000,6.061432361602783,,1.6002000000000004e-05,0.1994,25.029,80.4461,0,,,,,,,95.11,,,,,,,,,,,,,,,,,,,,https://wandb.ai/aronima7-stanford-university/mrbert/runs/UnVuOnYxOmJxeGV0ZWhsOm1yYmVydDphcm9uaW1hNy1zdGFuZm9yZC11bml2ZXJzaXR5
,,,,,,,,,0.6911764705882353,,,,,,,,,,,,,,,,1.920090079307556,,,,,,0.7329,556.702,,,,,,,17.738,,,,,,mrbert,UnVuOnYxOmUybXozd3h2Om1yYmVydDphcm9uaW1hNy1zdGFuZm9yZC11bml2ZXJzaXR5,mrbert-mrpc,crashed,,,,,,,,,,,,,,,,,,,,0.6883,,,,1.941,-23.3183,-12.4858,0.0007,0,-30,11.6924,0h 06m 57s,,19.565217391304348,Epoch 19.57/50.0,,,,,,,,2250,17.848783493041992,,5.006666666666667e-06,1.9313,29.6114,76.8661,44.3325,,,,,,,94.22,,,,,,,,,,,,,,,,,,,,https://wandb.ai/aronima7-stanford-university/mrbert/runs/UnVuOnYxOmUybXozd3h2Om1yYmVydDphcm9uaW1hNy1zdGFuZm9yZC11bml2ZXJzaXR5
,,,,,,,,,0.3382442592968909,,,,,,,,,,,,,,,,1.0999618768692017,,,,,,17.8138,552.493,,,,,,,17.29,,,,,,mrbert,UnVuOnYxOjY3MXQzMWk5Om1yYmVydDphcm9uaW1hNy1zdGFuZm9yZC11bml2ZXJzaXR5,mrbert-snli-eval-test,finished,0.3428,,,1.0994,-27.0012,,,1.099350929260254,7.5161,94.1281,72.4961,17.7335,553.98,98.53,,,17.312,420992797900800,,0.3428,,,,1.0994,-27.0012,-12.6425,0.1,0,-30,7.875,0h 02m 09s,,0.011649580615097856,Epoch 0.01/3.0,,,,,,,,200,2.2534303665161133,,1.0000000000000001e-07,1.0994,7.5161,94.1281,72.4961,,,,,,,98.53,,,,,,,,,,,,,,,,1.106438274383545,110.195,58.079,1.815,https://wandb.ai/aronima7-stanford-university/mrbert/runs/UnVuOnYxOjY3MXQzMWk5Om1yYmVydDphcm9uaW1hNy1zdGFuZm9yZC11bml2ZXJzaXR5
,,,,,,,,,,,,,,,,,,,,,,,,,,,,,,,,,,,,,,,,,,,,,mrbert,UnVuOnYxOnBzcDgyZzVpOm1yYmVydDphcm9uaW1hNy1zdGFuZm9yZC11bml2ZXJzaXR5,mrbert-snli-eval-test,failed,,,,,,,,,,,,,,,,,,,,0.3394,,,,1.1145,-26.4343,-12.6584,0.1,0,-30,7.8729,0h 00m 11s,,0.002912395153774464,Epoch 0.00/3.0,,,,,,,,50,2.1793642044067383,,1.51e-05,1.1145,14.7881,88.4468,43.8027,,,,,,,97.11,,,,,,,,,,,,,,,,,,,,https://wandb.ai/aronima7-stanford-university/mrbert/runs/UnVuOnYxOnBzcDgyZzVpOm1yYmVydDphcm9uaW1hNy1zdGFuZm9yZC11bml2ZXJzaXR5
,,,,,,,,,,,,,,,,,,,,,,,,,,,,,,,,,,,,,,,,,,,,,mrbert,UnVuOnYxOmQ4MTdkaHNhOm1yYmVydDphcm9uaW1hNy1zdGFuZm9yZC11bml2ZXJzaXR5,run12-mrbert-Trainer-FromPretrained-30pct-3epochs,finished,,,,,,,,0.3074114918708801,,,,17.5318,560.353,,,,17.511,108412289252047870,,0.9021,,,,0.3102,-25.5671,-8.9952,0.0003,0,-30,10.3375,2h 26m 58s,,3,Epoch 3.00/3.0,,,,,,,,51504,5.880165100097656,,1.941596769182976e-09,0.3074,18.9636,85.1847,30.7978,,,,,,,,,,,,,,,,,,,,,,,0.30236099032108255,8800.5537,187.272,5.852,https://wandb.ai/aronima7-stanford-university/mrbert/runs/UnVuOnYxOmQ4MTdkaHNhOm1yYmVydDphcm9uaW1hNy1zdGFuZm9yZC11bml2ZXJzaXR5
,,,,,,,,,,,,,,,,,,,,,,,,,,,,,,,,,,,,,,,,,,,,,mrbert,UnVuOnYxOnNqYWNuOHkxOm1yYmVydDphcm9uaW1hNy1zdGFuZm9yZC11bml2ZXJzaXR5,run11-bert-Trainer-baseline-3epochs,finished,,,,,,,,0.31508493423461914,,,,15.8077,621.467,,,,19.421,108409371717733630,,0.9048,,,,0.3151,,,,,,,,,3,,,,,,,,,51504,3.854452610015869,,1.941596769182976e-09,0.1946,,,,,,,,,,,,,,,,,,,,,,,,,,0.2890769796953434,7978.5943,206.565,6.455,https://wandb.ai/aronima7-stanford-university/mrbert/runs/UnVuOnYxOnNqYWNuOHkxOm1yYmVydDphcm9uaW1hNy1zdGFuZm9yZC11bml2ZXJzaXR5
,,,,,,,,,,,,,,,,,,,,,,,,,,,,,,,,,,,,,,,,,,,,,mrbert,UnVuOnYxOm1qZGZneDZuOm1yYmVydDphcm9uaW1hNy1zdGFuZm9yZC11bml2ZXJzaXR5,run10-mrbert-Trainer-FromPretrained-0pct-3epochs,finished,,,,,,,,0.30571627616882324,,,,18.309,536.567,,,,16.768,108412289252047870,,0.905,,,,0.3057,-23.5851,-0.0359,0,0,-30,11.9172,2h 33m 17s,,3,Epoch 3.00/3.0,,,,,,,,51504,3.0282866954803467,,1.941596769182976e-09,0.3057,27.4105,78.5855,0,,,,,,,,,,,,,,,,,,,,,,,0.299873879220442,9178.7334,179.556,5.611,https://wandb.ai/aronima7-stanford-university/mrbert/runs/UnVuOnYxOm1qZGZneDZuOm1yYmVydDphcm9uaW1hNy1zdGFuZm9yZC11bml2ZXJzaXR5
,,,,,,,,,,,,,,,,,,,,,,,,,,,,,,,,,,,,,,,,,,,,,mrbert,UnVuOnYxOmJtcGtxNXo0Om1yYmVydDphcm9uaW1hNy1zdGFuZm9yZC11bml2ZXJzaXR5,run9a-mrbert-softmax1-Trainer-30pct-3epochs,finished,,,,,,,,0.5847401022911072,,,,18.6698,526.198,,,,16.444,108412289252047870,,,,,,,,,,,,,,2.587,3,3.00/3.0,0.7616,0.5905,-25.7491,0.5847,18.0848,85.8713,33.9648,51504,5.058263301849365,,1.941596769182976e-09,0.6014,,,,,,,,,,,,,0.7208,0.612,-25.6754,-8.7369,0.0006,0,-30,10.1512,0.6069,18.2198,85.7658,30.0379,,0.7307815475932705,9294.0597,177.328,5.542,https://wandb.ai/aronima7-stanford-university/mrbert/runs/UnVuOnYxOmJtcGtxNXo0Om1yYmVydDphcm9uaW1hNy1zdGFuZm9yZC11bml2ZXJzaXR5
,,,,,,,,,,,,,,,,,,,,,,,,,,,,,,,,,,,,,,,,,,,,,mrbert,UnVuOnYxOmVvaGozdGkzOm1yYmVydDphcm9uaW1hNy1zdGFuZm9yZC11bml2ZXJzaXR5,run8a-bert-Trainer-baseline-3epochs,finished,,,,,,,,0.31508493423461914,,,,16.5326,594.221,,,,18.569,108409371717733630,,,,,,,,,,,,,,,3,,0.9048,0.3151,,,,,,51504,3.854452610015869,,1.941596769182976e-09,0.1946,,,,,,,,,,,,,0.9609,0.1475,,,,,,,,,,,,0.2890769796953434,8501.1014,193.869,6.059,https://wandb.ai/aronima7-stanford-university/mrbert/runs/UnVuOnYxOmVvaGozdGkzOm1yYmVydDphcm9uaW1hNy1zdGFuZm9yZC11bml2ZXJzaXR5
,,,,,,,,,,,,,,,,,,,,,,,,,,,,,,,,,,,,,,,,,,,,,mrbert,UnVuOnYxOnN2NDFzZmw1Om1yYmVydDphcm9uaW1hNy1zdGFuZm9yZC11bml2ZXJzaXR5,run7a-mrbert-softmax1-Trainer-0pct-3epochs,finished,,,,,,,,0.5666084289550781,,,,18.3519,535.313,,,,16.729,108412289252047870,,,,,,,,,,,,,,2.536,3,3.00/3.0,0.773,0.5666,-23.5831,0.5666,27.4105,78.5855,0,51504,5.0290069580078125,,1.941596769182976e-09,0.6017,,,,,,,,,,,,,0.7317,0.5725,-23.9002,-0.0266,0,0,-30,11.9213,0.5725,26.0489,79.6493,0,,0.7253835986085692,9112.2757,180.866,5.652,https://wandb.ai/aronima7-stanford-university/mrbert/runs/UnVuOnYxOnN2NDFzZmw1Om1yYmVydDphcm9uaW1hNy1zdGFuZm9yZC11bml2ZXJzaXR5
,,-24.3348,,0,0,-30,11.3201,3,0.7819,24.3,64.12,,,,,,,,0.0239,,,,,,0.542,,11.5156,,,,,,,,,,,,,1.5685044310250174e-09,,24.52,80.8452,6.4595,mrbert,UnVuOnYxOmFzOGFhMHZvOm1yYmVydDphcm9uaW1hNy1zdGFuZm9yZC11bml2ZXJzaXR5,run6-mrbert-softmax1-0pct-3epochs,finished,0.7807,24.24,64.12,,,0.0205,,0.544,,11.5695,,,,,,,,,,0.7669,,,,0.5564,,-2.3337,,,,,,,,,,,,,,,,,,,,0.5564,,,,,,,,,,,,,,,,,,,,,,,,,,,,,,https://wandb.ai/aronima7-stanford-university/mrbert/runs/UnVuOnYxOmFzOGFhMHZvOm1yYmVydDphcm9uaW1hNy1zdGFuZm9yZC11bml2ZXJzaXR5
0.7494,0.6066,-29.2969,-26.5003,0.01,0,-30,4.5565,5,0.7554,3,66.63,,,,,,,,0.181,,,,,,0.6054,,88.9911,,,,,,,,,,,,,9.374267635340992e-09,0.3416,3,97.6562,88.3343,mrbert,UnVuOnYxOjUyeXZubHdnOm1yYmVydDphcm9uaW1hNy1zdGFuZm9yZC11bml2ZXJzaXR5,run5-mrbert-softmax1-no-pi-5ep,finished,,,,,,,,,,,,,,,,,,,0.3416,,,,,,,,,,,,,,,,,,,,,,,,,,,,,,,,,,,,,,,,,,,,,,,,,,,,,,,,,https://wandb.ai/aronima7-stanford-university/mrbert/runs/UnVuOnYxOjUyeXZubHdnOm1yYmVydDphcm9uaW1hNy1zdGFuZm9yZC11bml2ZXJzaXR5
0.8069,0.5041,-26.953,-14.8482,0.001559,0,-30,8.9266,5,0.7993,13.14,65.98,,,,,,,,0.1131,,,,,,0.5116,,52.0118,,,,,,,,,,,,,9.374267635340992e-09,0.4807,12.99,89.8477,49.5134,mrbert,UnVuOnYxOjR0ZW9vcHEzOm1yYmVydDphcm9uaW1hNy1zdGFuZm9yZC11bml2ZXJzaXR5,run4-mrbert-softmax1-50pct-5epochs,finished,,,,,,,,,,,,,,,,,,,0.4807,,,,,,,,,,,,,,,,,,,,,,,,,,,,,,,,,,,,,,,,,,,,,,,,,,,,,,,,,https://wandb.ai/aronima7-stanford-university/mrbert/runs/UnVuOnYxOjR0ZW9vcHEzOm1yYmVydDphcm9uaW1hNy1zdGFuZm9yZC11bml2ZXJzaXR5
0.81,0.4939,-25.739,-8.8261,0,0,-30,10.168,5,0.8101,18.32,65.2,,,,,,,,0.0713,,,,,,0.4945,,33.2644,,,,,,,,,,,,,9.374267635340992e-09,0.4939,18.04,85.9067,29.9689,mrbert,UnVuOnYxOmFkaGIxd3g3Om1yYmVydDphcm9uaW1hNy1zdGFuZm9yZC11bml2ZXJzaXR5,run3-mrbert-softmax1-5epochs,finished,,,,,,,,,,,,,,,,,,,0.4939,,,,,,,,,,,,,,,,,,,,,,,,,,,,,,,,,,,,,,,,,,,,,,,,,,,,,,,,,https://wandb.ai/aronima7-stanford-university/mrbert/runs/UnVuOnYxOmFkaGIxd3g3Om1yYmVydDphcm9uaW1hNy1zdGFuZm9yZC11bml2ZXJzaXR5
0.815,0.475,-25.7178,-8.7197,4e-06,0,-30,10.2387,5,0.8141,18.65,,,,,,,,,,,,,,,0.487,,32.0694,,,,,,,,,,,,,9.374267635340992e-09,0.475,18.17,85.8037,29.4508,mrbert,UnVuOnYxOmtna2swNmJnOm1yYmVydDphcm9uaW1hNy1zdGFuZm9yZC11bml2ZXJzaXR5,run2-mrbert-5epochs,finished,,,,,,,,,,,,,,,,,,,0.475,,,,,,,,,,,,,,,,,,,,,,,,,,,,,,,,,,,,,,,,,,,,,,,,,,,,,,,,,https://wandb.ai/aronima7-stanford-university/mrbert/runs/UnVuOnYxOmtna2swNmJnOm1yYmVydDphcm9uaW1hNy1zdGFuZm9yZC11bml2ZXJzaXR5
0.9319,0.2176,0,0,0.1545,0,0,0,3,0.9055,27.46,,,,,,,,,,,,,,,0.3014,,0,,,,,,,,,,,,,1.5685044310250174e-09,0.2176,26.14,0,0,mrbert,UnVuOnYxOjdkNmQ1Z2xzOm1yYmVydDphcm9uaW1hNy1zdGFuZm9yZC11bml2ZXJzaXR5,run2-bert-baseline,finished,,,,,,,,,,,,,,,,,,,0.2176,,,,,,,,,,,,,,,,,,,,,,,,,,,,,,,,,,,,,,,,,,,,,,,,,,,,,,,,,https://wandb.ai/aronima7-stanford-university/mrbert/runs/UnVuOnYxOjdkNmQ1Z2xzOm1yYmVydDphcm9uaW1hNy1zdGFuZm9yZC11bml2ZXJzaXR5
0.7762,0.5435,-25.674,-8.9832,0.000108,0,-30,10.2207,3,0.78,18.22,,,,,,,,,,,,,,,0.5483,,33.6186,,,,,,,,,,,,,1.5685044310250174e-09,0.5425,18.39,85.6294,30.1858,mrbert,UnVuOnYxOjI1Zjh2azV0Om1yYmVydDphcm9uaW1hNy1zdGFuZm9yZC11bml2ZXJzaXR5,run1-mrbert-deletion_rate_30pct,finished,,,,,,,,,,,,,,,,,,,0.5425,,,,,,,,,,,,,,,,,,,,,,,,,,,,,,,,,,,,,,,,,,,,,,,,,,,,,,,,,https://wandb.ai/aronima7-stanford-university/mrbert/runs/UnVuOnYxOjI1Zjh2azV0Om1yYmVydDphcm9uaW1hNy1zdGFuZm9yZC11bml2ZXJzaXR5
0.7762,0.5435,-25.674,-8.9832,0.000108,0,-30,10.2207,3,,,,,,,,,,,,,,,,,,,,,,,,,,,,,,,,1.5685044310250174e-09,0.5425,18.39,85.6294,30.1858,mrbert,UnVuOnYxOmN1cGhlbWJ3Om1yYmVydDphcm9uaW1hNy1zdGFuZm9yZC11bml2ZXJzaXR5,MrBERT_bert-base-uncased_seed42,finished,,,,,,,,,,,,,,,,,,,0.5425,,,,,,,,,,,,,,,,,,,,,,,,,,,,,,,,,,,,,,,,,,,,,,,,,,,,,,,,,https://wandb.ai/aronima7-stanford-university/mrbert/runs/UnVuOnYxOmN1cGhlbWJ3Om1yYmVydDphcm9uaW1hNy1zdGFuZm9yZC11bml2ZXJzaXR5
0.8056,0.4865,0,0,0.0054,0,0,0,1,,,,,,,,,,,,,,,,,,,,,,,,,,,,,,,,1.949023605991687e-05,0.4865,25.94,0,0,mrbert,UnVuOnYxOjRocGt2c20xOm1yYmVydDphcm9uaW1hNy1zdGFuZm9yZC11bml2ZXJzaXR5,BERT_bert-base-uncased_seed42,crashed,,,,,,,,,,,,,,,,,,,0.4865,,,,,,,,,,,,,,,,,,,,,,,,,,,,,,,,,,,,,,,,,,,,,,,,,,,,,,,,,https://wandb.ai/aronima7-stanford-university/mrbert/runs/UnVuOnYxOjRocGt2c20xOm1yYmVydDphcm9uaW1hNy1zdGFuZm9yZC11bml2ZXJzaXR5
0.5681,0.932,-26.1416,-11.122,0,0,-30,9.1733,1,,,,,,,,,,,,,,,,,,,,,,,,,,,,,,,,1.911771625754843e-05,0.932,16.14,87.3867,38.2906,mrbert,UnVuOnYxOmh3c3hjdzUzOm1yYmVydDphcm9uaW1hNy1zdGFuZm9yZC11bml2ZXJzaXR5,MrBERT_bert-base-uncased_seed42,crashed,,,,,,,,,,,,,,,,,,,0.932,,,,,,,,,,,,,,,,,,,,,,,,,,,,,,,,,,,,,,,,,,,,,,,,,,,,,,,,,https://wandb.ai/aronima7-stanford-university/mrbert/runs/UnVuOnYxOmh3c3hjdzUzOm1yYmVydDphcm9uaW1hNy1zdGFuZm9yZC11bml2ZXJzaXR5
0.6994,0.7059,-25.4236,-7.6258,0,0,-30,10.1468,,,,,,,,,,,,,,,,,,,,,,,,,,,,,,,,,0,0.7059,19.5,25.5139,25.5139,mrbert,UnVuOnYxOjVmYnNiZjMxOm1yYmVydDphcm9uaW1hNy1zdGFuZm9yZC11bml2ZXJzaXR5,MrBERT_bert-base-uncased_seed42,finished,,,,,,,,,,,,,,,,,,,0.7059,,,,,,,,,,,,,,,,,,,,,,,,,,,,,,,,,,,,,,,,,,,,,,,,,,,,,,,,,https://wandb.ai/aronima7-stanford-university/mrbert/runs/UnVuOnYxOjVmYnNiZjMxOm1yYmVydDphcm9uaW1hNy1zdGFuZm9yZC11bml2ZXJzaXR5
0.9038,0.2628,0,0,0.237,0,0,0,,,,,,,,,,,,,,,,,,,,,,,,,,,,,,,,,0,0.2628,25.93,0,0,mrbert,UnVuOnYxOjNxOWh1eHV1Om1yYmVydDphcm9uaW1hNy1zdGFuZm9yZC11bml2ZXJzaXR5,BERT_bert-base-uncased_seed42,finished,,,,,,,,,,,,,,,,,,,0.2628,,,,,,,,,,,,,,,,,,,,,,,,,,,,,,,,,,,,,,,,,,,,,,,,,,,,,,,,,https://wandb.ai/aronima7-stanford-university/mrbert/runs/UnVuOnYxOjNxOWh1eHV1Om1yYmVydDphcm9uaW1hNy1zdGFuZm9yZC11bml2ZXJzaXR5
,,,,,,,,,,,,,,,,,,,,,,,,,,,,,,,,,,,,,,,,,,,,,mrbert,UnVuOnYxOjNvb2sydXcwOm1yYmVydDphcm9uaW1hNy1zdGFuZm9yZC11bml2ZXJzaXR5,MrBERT_bert-base-uncased_seed42,failed,,,,,,,,,,,,,,,,,,,,,,,,,,,,,,,,,,,,,,,,,,,,,,,,,,,,,,,,,,,,,,,,,,,,,,,,,,,,https://wandb.ai/aronima7-stanford-university/mrbert/runs/UnVuOnYxOjNvb2sydXcwOm1yYmVydDphcm9uaW1hNy1zdGFuZm9yZC11bml2ZXJzaXR5
0.3063,1.1584,-23.6315,-0.0101,0.200395,0,-30,12.1049,,,,,,,,,,,,,,,,,,,,,,,,,,,,,,,,,2e-05,1.1564,27.18,0,0,mrbert,UnVuOnYxOnZneWZ6cXVqOm1yYmVydDphcm9uaW1hNy1zdGFuZm9yZC11bml2ZXJzaXR5,MrBERT_bert-base-uncased_seed42,finished,,,,,,,,,,,,,,,,,,,1.1564,,,,,,,,,,,,,,,,,,,,,,,,,,,,,,,,,,,,,,,,,,,,,,,,,,,,,,,,,https://wandb.ai/aronima7-stanford-university/mrbert/runs/UnVuOnYxOnZneWZ6cXVqOm1yYmVydDphcm9uaW1hNy1zdGFuZm9yZC11bml2ZXJzaXR5
0.275,1.1474,-23.8479,-0.0013,0.199969,0,-30,11.9069,,,,,,,,,,,,,,,,,,,,,,,,,,,,,,,,,5e-06,1.1471,26.25,0,0,mrbert,UnVuOnYxOnh4dmFvamM2Om1yYmVydDphcm9uaW1hNy1zdGFuZm9yZC11bml2ZXJzaXR5,MrBERT_bert-base-uncased_seed42,finished,,,,,,,,,,,,,,,,,,,1.1471,,,,,,,,,,,,,,,,,,,,,,,,,,,,,,,,,,,,,,,,,,,,,,,,,,,,,,,,,https://wandb.ai/aronima7-stanford-university/mrbert/runs/UnVuOnYxOnh4dmFvamM2Om1yYmVydDphcm9uaW1hNy1zdGFuZm9yZC11bml2ZXJzaXR5
,,,,,,,,,,,,,,,,,,,,,,,,,,,,,,,,,,,,,,,,,,,,,mrbert-snli,UnVuOnYxOjA2MW53dGhyOm1yYmVydC1zbmxpOmFyb25pbWE3LXN0YW5mb3JkLXVuaXZlcnNpdHk=,mrbert-snli-layer9,finished,,,,,,,,0.3128412961959839,,,,18.6178,527.666,,,,16.49,108412289252047870,,0.9022,,,,0.3128,-26.2305,-9.0867,0,0,-30,9.3687,2h 33m 36s,,3,Epoch 3.00/3.0,,,,,,,,51504,6.066128730773926,,1.941596769182976e-09,0.3128,14.6415,88.5613,46.3394,,,,,,,97.14,,,,,,,,,,,,,,,,0.30327309696301796,9195.7604,179.224,5.601,https://wandb.ai/aronima7-stanford-university/mrbert-snli/runs/UnVuOnYxOjA2MW53dGhyOm1yYmVydC1zbmxpOmFyb25pbWE3LXN0YW5mb3JkLXVuaXZlcnNpdHk=
,,,,,,,,,,,,,,,,,,,,,,,,,,,,,,,,,,,,,,,,,,,,,mrbert-snli,UnVuOnYxOmFoeWFzMGoyOm1yYmVydC1zbmxpOmFyb25pbWE3LXN0YW5mb3JkLXVuaXZlcnNpdHk=,mrbert-snli-layer6,finished,,,,,,,,0.3054153621196747,,,,18.844,521.334,,,,16.292,108412289252047870,,0.9036,,,,0.3081,-25.7822,-9.2204,0.0003,0,-30,10.2028,2h 37m 08s,,3,Epoch 3.00/3.0,,,,,,,,51504,6.552692890167236,,1.941596769182976e-09,0.3054,18.0721,85.8812,33.8885,,,,,,,96.47,,,,,,,,,,,,,,,,0.30310757019831625,9408.4222,175.173,5.474,https://wandb.ai/aronima7-stanford-university/mrbert-snli/runs/UnVuOnYxOmFoeWFzMGoyOm1yYmVydC1zbmxpOmFyb25pbWE3LXN0YW5mb3JkLXVuaXZlcnNpdHk=
,,,,,,,,,,,,,,,,,,,,,,,,,,,,,,,,,,,,,,,,,,,,,mrbert-snli,UnVuOnYxOjdyMnBwNnoxOm1yYmVydC1zbmxpOmFyb25pbWE3LXN0YW5mb3JkLXVuaXZlcnNpdHk=,mrbert-snli-layer1,finished,,,,,,,,0.29685309529304504,,,,19.1707,512.449,,,,16.014,108412289252047870,,0.9042,,,,0.2969,-25.5677,-9.143,0,0,-30,10.3005,2h 37m 53s,,3,Epoch 3.00/3.0,,,,,,,,51504,3.0313215255737305,,1.941596769182976e-09,0.2969,18.9188,85.2197,30.9752,,,,,,,96.3,,,,,,,,,,,,,,,,0.2995741298366089,9452.0926,174.364,5.449,https://wandb.ai/aronima7-stanford-university/mrbert-snli/runs/UnVuOnYxOjdyMnBwNnoxOm1yYmVydC1zbmxpOmFyb25pbWE3LXN0YW5mb3JkLXVuaXZlcnNpdHk=
,,,,,,,,,,,,,,,,,,,,,,,,,,,,,,,,,,,,,,,,,,,,,mrbert-snli,UnVuOnYxOngzaHg4ZHUxOm1yYmVydC1zbmxpOmFyb25pbWE3LXN0YW5mb3JkLXVuaXZlcnNpdHk=,mrbert-snli-random30,finished,,,,,,,,0.35440793633461,,,,19.067,515.235,,,,16.101,108409371717733630,,0.8726,,,,0.3544,-14.9507,-15.1969,0,0,-30,14.9726,2h 36m 00s,,3,Epoch 3.00/3.0,,,,,,,,51504,6.701781749725342,,1.941596769182976e-09,0.3544,64.2105,49.8355,49.6386,,,,,,,87.46,,,,,,,,,,,,,,,,0.42624023495141894,9339.281,176.47,5.515,https://wandb.ai/aronima7-stanford-university/mrbert-snli/runs/UnVuOnYxOngzaHg4ZHUxOm1yYmVydC1zbmxpOmFyb25pbWE3LXN0YW5mb3JkLXVuaXZlcnNpdHk=
,,,,,,,,,,,,,,,,,,,,,,,,,,,,,,,,,,,,,,,,,,,,,mrbert-snli,UnVuOnYxOjR4MmlrNGZrOm1yYmVydC1zbmxpOmFyb25pbWE3LXN0YW5mb3JkLXVuaXZlcnNpdHk=,mrbert-snli-nopi,finished,,,,,,,,-2.2980568408966064,,,,18.9003,519.78,,,,16.243,108412289252047870,,0.8647,,,,0.3713,-29.2969,-26.5312,0.1,0,-30,4.5565,2h 34m 47s,,3,Epoch 3.00/3.0,,,,,,,,51504,5.036376953125,,1.941596769182976e-09,-2.2981,3,97.6562,88.979,,,,,,,99.41,,,,,,,,,,,,,,,,-2.1551492160505004,9266.741,177.851,5.558,https://wandb.ai/aronima7-stanford-university/mrbert-snli/runs/UnVuOnYxOjR4MmlrNGZrOm1yYmVydC1zbmxpOmFyb25pbWE3LXN0YW5mb3JkLXVuaXZlcnNpdHk=
,,,,,,,,,,,,,,,,,,,,,,,,,,,,,,,,,,,,,,,,,,,,,mrbert-snli,UnVuOnYxOjVlcmUxMzlmOm1yYmVydC1zbmxpOmFyb25pbWE3LXN0YW5mb3JkLXVuaXZlcnNpdHk=,mrbert-snli-70pct,finished,,,,,,,,0.33618196845054626,,,,18.8758,520.454,,,,16.264,108412289252047870,,0.8825,,,,0.3424,-28.2408,-21.1484,0.0003,0,-30,7.0045,2h 33m 33s,,3,Epoch 3.00/3.0,,,,,,,,51504,7.504624366760254,,1.941596769182976e-09,0.3362,7.5252,94.1209,72.4306,,,,,,,98.53,,,,,,,,,,,,,,,,0.31314528854312124,9192.1348,179.295,5.603,https://wandb.ai/aronima7-stanford-university/mrbert-snli/runs/UnVuOnYxOjVlcmUxMzlmOm1yYmVydC1zbmxpOmFyb25pbWE3LXN0YW5mb3JkLXVuaXZlcnNpdHk=
,,,,,,,,,,,,,,,,,,,,,,,,,,,,,,,,,,,,,,,,,,,,,mrbert-snli,UnVuOnYxOnAzeGVoYjRtOm1yYmVydC1zbmxpOmFyb25pbWE3LXN0YW5mb3JkLXVuaXZlcnNpdHk=,mrbert-snli-30pct-hd,finished,,,,,,,,0.30233481526374817,,,,18.8954,519.914,,,,16.247,108412289252047870,,0.9026,,,,0.3056,-25.5881,-9.1621,0.0004,0,-30,10.2963,1h 59m 55s,,3,Epoch 3.00/3.0,,,,,,,,51504,2.651803970336914,,1.941596769182976e-09,0.3023,18.8695,85.2582,31.1384,,,,,,,96.31,,,,,,,,,,,,,,,,0.2967209549700021,7174.8139,229.706,7.178,https://wandb.ai/aronima7-stanford-university/mrbert-snli/runs/UnVuOnYxOnAzeGVoYjRtOm1yYmVydC1zbmxpOmFyb25pbWE3LXN0YW5mb3JkLXVuaXZlcnNpdHk=
,,,,,,,,,,,,,,,,,,,,,,,,,,,,,,,,,,,,,,,,,,,,,mrbert-snli,UnVuOnYxOnNhazhjbGFkOm1yYmVydC1zbmxpOmFyb25pbWE3LXN0YW5mb3JkLXVuaXZlcnNpdHk=,mrbert-snli-30pct,finished,,,,,,,,0.3074114918708801,,,,18.8955,519.912,,,,16.247,108412289252047870,,0.9021,,,,0.3102,-25.5671,-8.9952,0.0003,0,-30,10.3375,2h 35m 51s,,3,Epoch 3.00/3.0,,,,,,,,51504,5.880165100097656,,1.941596769182976e-09,0.3074,18.9636,85.1847,30.7978,,,,,,,96.3,,,,,,,,,,,,,,,,0.30236099032108255,9331.19,176.623,5.52,https://wandb.ai/aronima7-stanford-university/mrbert-snli/runs/UnVuOnYxOnNhazhjbGFkOm1yYmVydC1zbmxpOmFyb25pbWE3LXN0YW5mb3JkLXVuaXZlcnNpdHk=
,,,,,,,,,,,,,,,,,,,,,,,,,,,,,,,,,,,,,,,,,,,,,mrbert-snli,UnVuOnYxOmdxM3FrYW4xOm1yYmVydC1zbmxpOmFyb25pbWE3LXN0YW5mb3JkLXVuaXZlcnNpdHk=,mrbert-snli-50pct,finished,,,,,,,,0.29884591698646545,,,,18.9688,517.903,,,,16.184,108412289252047870,,0.8952,,,,0.3201,-26.9676,-14.8935,0.0014,0,-30,9.0049,2h 35m 03s,,3,Epoch 3.00/3.0,,,,,,,,51504,3.7660958766937256,,1.941596769182976e-09,0.2988,12.9702,89.8671,52.5503,,,,,,,97.47,,,,,,,,,,,,,,,,0.2992846388468168,9283.3395,177.533,5.548,https://wandb.ai/aronima7-stanford-university/mrbert-snli/runs/UnVuOnYxOmdxM3FrYW4xOm1yYmVydC1zbmxpOmFyb25pbWE3LXN0YW5mb3JkLXVuaXZlcnNpdHk=
,,,,,,,,,,,,,,,,,,,,,,,,,,,,,,,,,,,,,,,,,,,,,mrbert-snli,UnVuOnYxOnZqYXF2NmNkOm1yYmVydC1zbmxpOmFyb25pbWE3LXN0YW5mb3JkLXVuaXZlcnNpdHk=,bert-snli-baseline,finished,,,,,,,,0.31508493423461914,,,,16.9856,578.373,,,,18.074,108409371717733630,,0.9048,,,,0.3151,,,,,,,,,3,,,,,,,,,51504,3.854452610015869,,1.941596769182976e-09,0.1946,,,,,,,,,,,,,,,,,,,,,,,,,,0.2890769796953434,8439.9394,195.274,6.102,https://wandb.ai/aronima7-stanford-university/mrbert-snli/runs/UnVuOnYxOnZqYXF2NmNkOm1yYmVydC1zbmxpOmFyb25pbWE3LXN0YW5mb3JkLXVuaXZlcnNpdHk=
,,,,,,,,,,,,,,,,,,,,,,,,,,,,,,,,,,,,,,,,,,,,,mrbert-snli,UnVuOnYxOjkybWpoMWt4Om1yYmVydC1zbmxpOmFyb25pbWE3LXN0YW5mb3JkLXVuaXZlcnNpdHk=,mrbert-snli-0pct,finished,,,,,,,,0.30571627616882324,,,,19.3761,507.018,,,,15.844,108412289252047870,,0.905,,,,0.3057,-23.5851,-0.0359,0,0,-30,11.9172,2h 41m 16s,,3,Epoch 3.00/3.0,,,,,,,,51504,3.0282866954803467,,1.941596769182976e-09,0.3057,27.4105,78.5855,0,,,,,,,94.65,,,,,,,,,,,,,,,,0.299873879220442,9655.6711,170.687,5.334,https://wandb.ai/aronima7-stanford-university/mrbert-snli/runs/UnVuOnYxOjkybWpoMWt4Om1yYmVydC1zbmxpOmFyb25pbWE3LXN0YW5mb3JkLXVuaXZlcnNpdHk=
,,,,,,,,,,,,,,,,,,,,,,,,,,,,,,,,,,,,,,,,,,,,,mrbert-squad,UnVuOnYxOjlscnBsbmlmOm1yYmVydC1zcXVhZDphcm9uaW1hNy1zdGFuZm9yZC11bml2ZXJzaXR5,bert-squad-baseline,finished,,,,,,,,1.0757111310958862,,,,50.1179,215.173,,,,6.724,52044826709919740,,,,,,1.0757,,,,,,,,,3,,,,,,,,,8301,16.2784481048584,,4.818696542585231e-09,0.696,,,,,,,,,,,,,,,,,,,,,,,,,,1.0681106710043344,3725.9247,71.277,2.228,https://wandb.ai/aronima7-stanford-university/mrbert-squad/runs/UnVuOnYxOjlscnBsbmlmOm1yYmVydC1zcXVhZDphcm9uaW1hNy1zdGFuZm9yZC11bml2ZXJzaXR5
,,,,,,,,,,,,,,,,,,,,,,,,,,,,,,,,,,,,,,,,,,,,,mrbert-squad,UnVuOnYxOmhhaWJscXkxOm1yYmVydC1zcXVhZDphcm9uaW1hNy1zdGFuZm9yZC11bml2ZXJzaXR5,mrbert-squad-30pct,finished,,,,,,,,1.0693694353103638,,,,63.7822,169.075,,,,5.284,52046237088451580,,,,,,1.0723,-16.3077,-0.1135,0.0249,0,-30,14.2951,1h 18m 39s,,3,Epoch 3.00/3.0,,,,,,,,8301,12.881980895996094,,4.818696542585231e-09,1.0694,175.9614,54.1767,0,,,,,,,54.18,,,,,,,,,,,,,,,,1.1769449260992797,4653.5905,57.068,1.784,https://wandb.ai/aronima7-stanford-university/mrbert-squad/runs/UnVuOnYxOmhhaWJscXkxOm1yYmVydC1zcXVhZDphcm9uaW1hNy1zdGFuZm9yZC11bml2ZXJzaXR5
,,,,,,,,,,,,,,,,,,,,0.4854586129753915,,,,,1.9470502138137815,,,,,,2.6486,168.769,,,,,0.38926174496644295,0.5279642058165548,10.572,,,,,,mrbert-tydiqa,UnVuOnYxOnN6OWltYXdpOm1yYmVydC10eWRpcWE6YXJvbmltYTctc3RhbmZvcmQtdW5pdmVyc2l0eQ==,mrbert-tydiqa-0pct-0_1wt-predel,finished,,,,1.9454,-18.1823,,0.4854586129753915,1.9453558921813965,152.6668,60.243,0,2.7095,164.975,60.24,0.3870246085011186,0.5234899328859061,10.334,2230032276857088,,,,,,1.9454,-18.1823,-0.2669,0,0,-29.1417,12.1696,0h 04m 07s,,3,Epoch 3.00/3.0,,,,,,,,714,19.779972076416016,,4.201680672268908e-07,1.9454,152.6668,60.243,0,,,,,,,60.24,,,,,,,,,,,,,,,,2.1659337719615435,243.4248,46.745,2.933,https://wandb.ai/aronima7-stanford-university/mrbert-tydiqa/runs/UnVuOnYxOnN6OWltYXdpOm1yYmVydC10eWRpcWE6YXJvbmltYTctc3RhbmZvcmQtdW5pdmVyc2l0eQ==
,,,,,,,,,,,,,,,,,,,,0.5078299776286354,,,,,1.8929593563079832,,,,,,2.6592,168.095,,,,,0.38478747203579416,0.5212527964205816,10.529,,,,,,mrbert-tydiqa,UnVuOnYxOmhkZTd1ejF6Om1yYmVydC10eWRpcWE6YXJvbmltYTctc3RhbmZvcmQtdW5pdmVyc2l0eQ==,mrbert-tydiqa-30pct-layer9-no-predel,finished,,,,1.892,-26.7735,,0.5078299776286354,1.8920888900756836,4.1698,98.9141,97.2449,2.6593,168.091,98.91,0.38478747203579416,0.5190156599552572,10.529,2230032276857088,,,,,,1.892,-26.7735,-17.9517,0,0,-29.9668,7.1441,0h 04m 08s,,3,Epoch 3.00/3.0,,,,,,,,714,16.2081298828125,,4.201680672268908e-07,1.892,4.1698,98.9141,97.2449,,,,,,,98.91,,,,,,,,,,,,,,,,1.93612939102643,244.546,46.531,2.92,https://wandb.ai/aronima7-stanford-university/mrbert-tydiqa/runs/UnVuOnYxOmhkZTd1ejF6Om1yYmVydC10eWRpcWE6YXJvbmltYTctc3RhbmZvcmQtdW5pdmVyc2l0eQ==
,,,,,,,,,,,,,,,,,,,,0.49440715883668906,,,,,1.8768287897109983,,,,,,2.6346,169.668,,,,,0.3870246085011186,0.5302013422818792,10.628,,,,,,mrbert-tydiqa,UnVuOnYxOjF3d2gzZHp3Om1yYmVydC10eWRpcWE6YXJvbmltYTctc3RhbmZvcmQtdW5pdmVyc2l0eQ==,mrbert-tydiqa-30pct-layer9-predel,finished,,,,1.8881,-22.0341,,0.49440715883668906,1.8760347366333008,114.7984,70.1046,24.7297,2.6799,166.795,70.1,0.39149888143176736,0.5346756152125279,10.448,2230032276857088,,,,,,1.8881,-22.0341,-8.4417,0.0013,0,-29.9147,10.3731,0h 04m 08s,,3,Epoch 3.00/3.0,,,,,,,,714,17.46840476989746,,4.201680672268908e-07,1.8759,114.7984,70.1046,24.7297,,,,,,,70.1,,,,,,,,,,,,,,,,1.9681024524678037,244.1413,46.608,2.925,https://wandb.ai/aronima7-stanford-university/mrbert-tydiqa/runs/UnVuOnYxOjF3d2gzZHp3Om1yYmVydC10eWRpcWE6YXJvbmltYTctc3RhbmZvcmQtdW5pdmVyc2l0eQ==
,,,,,,,,,,,,,,,,,,,,0.4787472035794184,,,,,1.949978232383728,,,,,,2.6529,168.496,,,,,0.3870246085011186,0.5212527964205816,10.555,,,,,,mrbert-tydiqa,UnVuOnYxOm9kY20waWdhOm1yYmVydC10eWRpcWE6YXJvbmltYTctc3RhbmZvcmQtdW5pdmVyc2l0eQ==,mrbert-tydiqa-30pct-predel,finished,,,,1.9498,-18.1922,,0.4787472035794184,1.9483133554458616,152.6668,60.243,0,2.7483,162.645,60.24,0.3870246085011186,0.5212527964205816,10.188,2230032276857088,,,,,,1.9498,-18.1922,-0.2899,0.0048,0,-29.1492,12.1618,0h 04m 08s,,3,Epoch 3.00/3.0,,,,,,,,714,18.82702255249023,,4.201680672268908e-07,1.9483,152.6668,60.243,0,,,,,,,60.24,,,,,,,,,,,,,,,,2.1700904055469845,244.9834,46.448,2.914,https://wandb.ai/aronima7-stanford-university/mrbert-tydiqa/runs/UnVuOnYxOm9kY20waWdhOm1yYmVydC10eWRpcWE6YXJvbmltYTctc3RhbmZvcmQtdW5pdmVyc2l0eQ==
,,,,,,,,,,,,,,,,,,,,0.5078299776286354,,,,,1.8929593563079832,,,,,,2.6212,170.533,,,,,0.38478747203579416,0.5212527964205816,10.682,,,,,,mrbert-tydiqa,UnVuOnYxOmppN2VyNTFlOm1yYmVydC10eWRpcWE6YXJvbmltYTctc3RhbmZvcmQtdW5pdmVyc2l0eQ==,mrbert-tydiqa-30pct-layer9,finished,,,,1.892,-26.7735,,0.5078299776286354,1.8920888900756836,4.1698,98.9141,97.2449,2.707,165.128,98.91,0.38478747203579416,0.5190156599552572,10.344,2230032276857088,,,,,,1.892,-26.7735,-17.9517,0,0,-29.9668,7.1441,0h 04m 08s,,3,Epoch 3.00/3.0,,,,,,,,714,16.2081298828125,,4.201680672268908e-07,1.892,4.1698,98.9141,97.2449,,,,,,,98.91,,,,,,,,,,,,,,,,1.93612939102643,244.4663,46.546,2.921,https://wandb.ai/aronima7-stanford-university/mrbert-tydiqa/runs/UnVuOnYxOmppN2VyNTFlOm1yYmVydC10eWRpcWE6YXJvbmltYTctc3RhbmZvcmQtdW5pdmVyc2l0eQ==
,,,,,,,,,,,,,,,,,,,,0.27069351230425054,,,,,-26.55764961242676,,,,,,2.8835,155.018,,,,,0.18120805369127516,0.30201342281879195,9.71,,,,,,mrbert-tydiqa,UnVuOnYxOjkzcmxwb25qOm1yYmVydC10eWRpcWE6YXJvbmltYTctc3RhbmZvcmQtdW5pdmVyc2l0eQ==,mrbert-tydiqa-1wt-0pct-nogumbel,finished,,,,2.8394,-29.7624,,0.27069351230425054,-26.55765724182129,3,99.2188,98.0156,2.9254,152.801,99.22,0.1789709172259508,0.2975391498881432,9.571,2230032276857088,,,,,,2.8394,-29.7624,-29.4109,1,0,-30,2.6444,0h 04m 31s,,3,Epoch 3.00/3.0,,,,,,,,714,13.887081146240234,,4.201680672268908e-07,-26.5572,3,99.2188,98.0156,,,,,,,99.22,,,,,,,,,,,,,,,,-26.51243758001247,266.0208,42.775,2.684,https://wandb.ai/aronima7-stanford-university/mrbert-tydiqa/runs/UnVuOnYxOjkzcmxwb25qOm1yYmVydC10eWRpcWE6YXJvbmltYTctc3RhbmZvcmQtdW5pdmVyc2l0eQ==
,,,,,,,,,,,,,,,,,,,,0.5279642058165548,,,,,1.8328216075897217,,,,,,2.6196,170.638,,,,,0.4138702460850112,0.5257270693512305,10.689,,,,,,mrbert-tydiqa,UnVuOnYxOmY3enZoN2UwOm1yYmVydC10eWRpcWE6YXJvbmltYTctc3RhbmZvcmQtdW5pdmVyc2l0eQ==,mrbert-tydiqa-bypass,finished,,,,1.8322,,,0.5279642058165548,1.8320870399475095,152.6668,0,0,2.6703,167.398,60.24,0.4138702460850112,0.5257270693512305,10.486,2230032276857088,,,,,,1.8322,,,,,,,0h 04m 06s,,3,Epoch 3.00/3.0,,,,,,,,714,22.85385513305664,,4.201680672268908e-07,1.8322,152.6668,0,0,,,,,,,60.24,,,,,,,,,,,,,,,,1.9197477132332423,242.9081,46.845,2.939,https://wandb.ai/aronima7-stanford-university/mrbert-tydiqa/runs/UnVuOnYxOmY3enZoN2UwOm1yYmVydC10eWRpcWE6YXJvbmltYTctc3RhbmZvcmQtdW5pdmVyc2l0eQ==
,,,,,,,,,,,,,,,,,,,,0.25279642058165547,,,,,2.8725569248199463,,,,,,2.7597,161.974,,,,,0.145413870246085,0.30648769574944074,10.146,,,,,,mrbert-tydiqa,UnVuOnYxOmNyMjZtOWhoOm1yYmVydC10eWRpcWE6YXJvbmltYTctc3RhbmZvcmQtdW5pdmVyc2l0eQ==,mrbert-tydiqa-0pct-0_1wt,finished,,,,2.8724,-24.3067,,0.25279642058165547,2.8722164630889893,60.1155,84.3443,60.6828,2.7501,162.539,84.34,0.145413870246085,0.30648769574944074,10.181,2230032276857088,,,,,,2.8724,-24.3067,-12.1602,0,0,-29.8973,8.7829,0h 04m 15s,,3,Epoch 3.00/3.0,,,,,,,,714,13.62983512878418,,4.201680672268908e-07,2.8724,60.1155,84.3443,60.6828,,,,,,,84.34,,,,,,,,,,,,,,,,2.7068118033956745,251.078,45.321,2.844,https://wandb.ai/aronima7-stanford-university/mrbert-tydiqa/runs/UnVuOnYxOmNyMjZtOWhoOm1yYmVydC10eWRpcWE6YXJvbmltYTctc3RhbmZvcmQtdW5pdmVyc2l0eQ==
,,,,,,,,,,,,,,,,,,,,0.25279642058165547,,,,,2.8725569248199463,,,,,,2.6623,167.9,,,,,0.145413870246085,0.30648769574944074,10.517,,,,,,mrbert-tydiqa,UnVuOnYxOmE5a2oxYWhwOm1yYmVydC10eWRpcWE6YXJvbmltYTctc3RhbmZvcmQtdW5pdmVyc2l0eQ==,mrbert-tydiqa-0pct-0wt,finished,,,,2.8724,-24.3067,,0.25279642058165547,2.8722164630889893,60.1155,84.3443,60.6828,2.7128,164.776,84.34,0.145413870246085,0.30648769574944074,10.322,2230032276857088,,,,,,2.8724,-24.3067,-12.1602,0,0,-29.8973,8.7829,0h 04m 11s,,3,Epoch 3.00/3.0,,,,,,,,714,13.62983512878418,,4.201680672268908e-07,2.8724,60.1155,84.3443,60.6828,,,,,,,84.34,,,,,,,,,,,,,,,,2.7068118033956745,246.8927,46.089,2.892,https://wandb.ai/aronima7-stanford-university/mrbert-tydiqa/runs/UnVuOnYxOmE5a2oxYWhwOm1yYmVydC10eWRpcWE6YXJvbmltYTctc3RhbmZvcmQtdW5pdmVyc2l0eQ==
,,,,,,,,,,,,,,,,,,,,0.5011185682326622,,,,,1.857290267944336,,,,,,2.2426,199.321,,,,,0.4004474272930649,0.5324384787472036,12.485,,,,,,mrbert-tydiqa,UnVuOnYxOnExNWt5Zmt6Om1yYmVydC10eWRpcWE6YXJvbmltYTctc3RhbmZvcmQtdW5pdmVyc2l0eQ==,bert-tydiqa-baseline,finished,,,,1.8561,,,0.5033557046979866,1.8561183214187624,,,,2.2885,195.326,,0.3982102908277405,0.5324384787472036,12.235,2229971846174208,,,,,,1.8561,,,,,,,,,3,,,,,,,,,714,14.758105278015137,,4.201680672268908e-07,1.3401,,,,,,,,,,,,,,,,,,,,,,,,,,1.9715164943235597,205.262,55.436,3.478,https://wandb.ai/aronima7-stanford-university/mrbert-tydiqa/runs/UnVuOnYxOnExNWt5Zmt6Om1yYmVydC10eWRpcWE6YXJvbmltYTctc3RhbmZvcmQtdW5pdmVyc2l0eQ==
,,,,,,,,,,,,,,,,,,,,0.25279642058165547,,,,,2.8725569248199463,,,,,,2.818,158.623,,,,,0.145413870246085,0.30648769574944074,9.936,,,,,,mrbert-tydiqa,UnVuOnYxOnNhMXp2NWl1Om1yYmVydC10eWRpcWE6YXJvbmltYTctc3RhbmZvcmQtdW5pdmVyc2l0eQ==,mrbert-tydiqa-30pct,finished,,,,2.8724,-24.3067,,0.25279642058165547,2.8722164630889893,60.1155,84.3443,60.6828,2.8622,156.172,84.34,0.145413870246085,0.30648769574944074,9.783,2230032276857088,,,,,,2.8724,-24.3067,-12.1602,0,0,-29.8973,8.7829,0h 04m 21s,,3,Epoch 3.00/3.0,,,,,,,,714,13.62983512878418,,4.201680672268908e-07,2.8724,60.1155,84.3443,60.6828,,,,,,,84.34,,,,,,,,,,,,,,,,2.7068118033956745,257.0119,44.274,2.778,https://wandb.ai/aronima7-stanford-university/mrbert-tydiqa/runs/UnVuOnYxOnNhMXp2NWl1Om1yYmVydC10eWRpcWE6YXJvbmltYTctc3RhbmZvcmQtdW5pdmVyc2l0eQ==
,,,,,,,,,0.8602941176470589,,,,,,,,,,,,,,,,0.630743145942688,,,,,,0.7254,562.43,,,,,,,35.841,,,,,,mrbert-mrpc,UnVuOnYxOmJ6c3kweHZoOm1yYmVydC1tcnBjOmFyb25pbWE3LXN0YW5mb3JkLXVuaXZlcnNpdHk=,bert-mrpc-baseline,finished,0.8371,,,0.6934,,,,0.6936618089675903,,,,3.2149,536.556,,,,33.593,1206364188825600,,0.8371,,,,0.6934,,,,,,,,,5,,,,,,,,,1150,0.06268048286437988,,1.739130434782609e-08,0.0621,,,,,,,,,,,,,,,,,,,,,,,,,,0.261551629356716,119.1026,153.985,9.656,https://wandb.ai/aronima7-stanford-university/mrbert-mrpc/runs/UnVuOnYxOmJ6c3kweHZoOm1yYmVydC1tcnBjOmFyb25pbWE3LXN0YW5mb3JkLXVuaXZlcnNpdHk=
,,,,,,,,,0.7230392156862745,,,,,,,,,,,,,,,,0.551142692565918,,,,,,0.8144,501.007,,,,,,,31.927,,,,,,mrbert-mrpc,UnVuOnYxOjNlanVkejQzOm1yYmVydC1tcnBjOmFyb25pbWE3LXN0YW5mb3JkLXVuaXZlcnNpdHk=,mrbert-mrpc-30pct,finished,0.6871,,,0.6184,-20.1842,,,0.5931406617164612,49.9602,60.9686,5.6844,3.5088,491.627,90.24,,,30.78,1206396655027200,,0.6871,,,,0.6184,-20.1842,-5.1694,0.004,0,-30,12.5131,0h 02m 15s,,5,Epoch 5.00/5.0,,,,,,,,1150,9.395548820495604,,1.739130434782609e-08,0.593,49.9602,60.9686,5.6844,,,,,,,90.24,,,,,,,,,,,,,,,,0.5202569231779679,130.6901,140.332,8.799,https://wandb.ai/aronima7-stanford-university/mrbert-mrpc/runs/UnVuOnYxOjNlanVkejQzOm1yYmVydC1tcnBjOmFyb25pbWE3LXN0YW5mb3JkLXVuaXZlcnNpdHk=
,,,,,,,,,0.9231651376146788,,,,,,,,,,,,,,,,0.30073508620262146,,,,,,1.4378,606.465,,,,,,,19.474,,,,,,mrbert-sst2,UnVuOnYxOmtvMjc5amN5Om1yYmVydC1zc3QyOmFyb25pbWE3LXN0YW5mb3JkLXVuaXZlcnNpdHk=,bert-sst2-baseline,finished,,,,,,,,,,,,,,,,,,13290199850580480,,0.9729,,,,0.0761,,,,,,,,,3,,,,,,,,,6315,8.361743927001953,,5.067300079176564e-08,0.0831,,,,,,,,,,,,,,,,,,,,,,,,,,0.1277632780143031,1183.8139,170.675,5.334,https://wandb.ai/aronima7-stanford-university/mrbert-sst2/runs/UnVuOnYxOmtvMjc5amN5Om1yYmVydC1zc3QyOmFyb25pbWE3LXN0YW5mb3JkLXVuaXZlcnNpdHk=
,,,,,,,,,0.904816513761468,,,,,,,,,,,,,,,,0.287365585565567,,,,,,1.5733,554.238,,,,,,,17.797,,,,,,mrbert-sst2,UnVuOnYxOmFpamRxYWVzOm1yYmVydC1zc3QyOmFyb25pbWE3LXN0YW5mb3JkLXVuaXZlcnNpdHk=,mrbert-sst2-30pct,finished,,,,,,,,,,,,,,,,,,13290557522261760,,0.9667,,,,0.0969,-28.3787,-14.3377,0.0018,0,-30,6.4756,0h 21m 13s,,3,Epoch 3.00/3.0,,,,,,,,6315,4.620152473449707,,5.067300079176564e-08,0.0713,6.9646,94.5589,47.435,,,,,,,98.64,,,,,,,,,,,,,,,,0.12448965615916611,1273.0393,158.712,4.961,https://wandb.ai/aronima7-stanford-university/mrbert-sst2/runs/UnVuOnYxOmFpamRxYWVzOm1yYmVydC1zc3QyOmFyb25pbWE3LXN0YW5mb3JkLXVuaXZlcnNpdHk=
,,,,,,,,,0.936,,,,,,,,,,,,,,,,0.2850281298160553,,,,,,16.1738,154.571,,,,,,,9.707,,,,,,mrbert-imdb,UnVuOnYxOmIxY3ZocHplOm1yYmVydC1pbWRiOmFyb25pbWE3LXN0YW5mb3JkLXVuaXZlcnNpdHk=,bert-imdb-baseline,finished,0.9397,,,0.2695,,,,0.2696273624897003,,,,161.5537,154.747,,,,9.675,17759996236800000,,0.9397,,,,0.2695,,,,,,,,,3,,,,,,,,,4221,0.2390148937702179,,1.0424070125562664e-07,0.0362,,,,,,,,,,,,,,,,,,,,,,,,,,0.15588573520145718,2687.0563,25.12,1.571,https://wandb.ai/aronima7-stanford-university/mrbert-imdb/runs/UnVuOnYxOmIxY3ZocHplOm1yYmVydC1pbWRiOmFyb25pbWE3LXN0YW5mb3JkLXVuaXZlcnNpdHk=
,,,,,,,,,0.9244,,,,,,,,,,,,,,,,0.3222474157810211,,,,,,21.4773,116.402,,,,,,,7.31,,,,,,mrbert-imdb,UnVuOnYxOjNpeGdudHBjOm1yYmVydC1pbWRiOmFyb25pbWE3LXN0YW5mb3JkLXVuaXZlcnNpdHk=,mrbert-imdb-30pct,finished,0.9303,,,0.2814,-21.4064,,,0.28140681982040405,150.7507,70.5565,43.7281,214.6529,116.467,70.56,,,7.282,17760474201600000,,0.9303,,,,0.2814,-21.4064,-12.8238,0.0001,0,-29.9996,12.4953,1h 02m 29s,,3,Epoch 3.00/3.0,,,,,,,,4221,34.379356384277344,,1.0424070125562664e-07,0.2814,150.7507,70.5565,43.7281,,,,,,,70.56,,,,,,,,,,,,,,,,0.17942500425102417,3532.9459,19.106,1.195,https://wandb.ai/aronima7-stanford-university/mrbert-imdb/runs/UnVuOnYxOjNpeGdudHBjOm1yYmVydC1pbWRiOmFyb25pbWE3LXN0YW5mb3JkLXVuaXZlcnNpdHk=
,,,,,,,,,,,,,,,,,,,,,,,,,,,,,,,,,,,,,,,,,,,,,plus-training,UnVuOnYxOnZkNmFiN3MxOnBsdXMtdHJhaW5pbmc6YXJvbmltYTctc3RhbmZvcmQtdW5pdmVyc2l0eQ==,pets-run-2,finished,,,,,,,,,,,,,,,,,,,,,5.324857110799997e-08,0.22769343509571627,9.5847425152229e-07,,,,,,,,,,,,,,,,,,,15,,0.005411017750408488,,,,,,-0.007527453317379695,,,28.46875,-0.540977830067277,-0.539794921875,,302.4609375,,,,,,,,,,,,,,-0.8426055908203125,,,,,https://wandb.ai/aronima7-stanford-university/plus-training/runs/UnVuOnYxOnZkNmFiN3MxOnBsdXMtdHJhaW5pbmc6YXJvbmltYTctc3RhbmZvcmQtdW5pdmVyc2l0eQ==
,,,,,,,,,0.8988010566957936,,,,,,,,,,,,,,,,0.2964361310005188,,,,,,17.7232,555.318,,,,,,,17.378,,,,,,mrxlmr-snli,UnVuOnYxOnYzem5udGliOm1yeGxtci1zbmxpOmFyb25pbWE3LXN0YW5mb3JkLXVuaXZlcnNpdHk=,mrxlmr-snli-30pct-layer8-freeze-embeddings,finished,0.8986,,,0.296,-25.928,,,0.29604482650756836,15.7433,87.7006,50.2621,17.7259,554.218,87.7,,,17.319,108412289252047870,,0.8986,,,,0.296,-25.928,-13.3135,0,0,-30,7.5631,2h 55m 22s,,3,Epoch 3.00/3.0,,,,,,,,51504,6.998463153839111,,1.941596769182976e-09,0.296,15.7433,87.7006,50.2621,,,,,,,87.7,,,,,,,,,,,,,,,,0.3596579646850806,10500.5191,156.954,4.905,https://wandb.ai/aronima7-stanford-university/mrxlmr-snli/runs/UnVuOnYxOnYzem5udGliOm1yeGxtci1zbmxpOmFyb25pbWE3LXN0YW5mb3JkLXVuaXZlcnNpdHk=
,,,,,,,,,0.8995122942491364,,,,,,,,,,,,,,,,0.2968253195285797,,,,,,15.56,632.519,,,,,,,19.794,,,,,,mrxlmr-snli,UnVuOnYxOm5qdzN3Y2diOm1yeGxtci1zbmxpOmFyb25pbWE3LXN0YW5mb3JkLXVuaXZlcnNpdHk=,xlmr-snli-baseline,finished,0.8985,,,0.3028,,,,0.30283257365226746,,,,15.6136,629.195,,,,19.662,108409371717733630,,0.8985,,,,0.3028,,,,,,,,,3,,,,,,,,,51504,11.638834953308104,,1.941596769182976e-09,0.2782,,,,,,,,,,,,,,,,,,,,,,,,,,0.3497222597754476,10075.1613,163.581,5.112,https://wandb.ai/aronima7-stanford-university/mrxlmr-snli/runs/UnVuOnYxOm5qdzN3Y2diOm1yeGxtci1zbmxpOmFyb25pbWE3LXN0YW5mb3JkLXVuaXZlcnNpdHk=
,,,,,,,,,0.8221906116642959,,,,,,,,,,,,,,,,0.4629641473293304,,,,,,17.7175,555.495,,,,,,,17.384,,,,,,mrxlmr-snli,UnVuOnYxOnFzd2diOGEzOm1yeGxtci1zbmxpOmFyb25pbWE3LXN0YW5mb3JkLXVuaXZlcnNpdHk=,mrxlmr-snli-0pct,finished,0.8239,,,0.4563,-26.9309,,,0.4562738239765167,4.6886,96.337,85.1032,17.7557,553.288,96.34,,,17.29,108412289252047870,,0.8239,,,,0.4563,-26.9309,-17.2357,0,0,-30,6.4145,3h 05m 25s,,3,Epoch 3.00/3.0,,,,,,,,51504,5.959824085235596,,1.941596769182976e-09,0.4563,4.6886,96.337,85.1032,,,,,,,96.34,,,,,,,,,,,,,,,,0.5764287722248697,11105.3013,148.407,4.638,https://wandb.ai/aronima7-stanford-university/mrxlmr-snli/runs/UnVuOnYxOnFzd2diOGEzOm1yeGxtci1zbmxpOmFyb25pbWE3LXN0YW5mb3JkLXVuaXZlcnNpdHk=
,,,,,,,,,0.8225970331233489,,,,,,,,,,,,,,,,0.4643253982067108,,,,,,17.8822,550.38,,,,,,,17.224,,,,,,mrxlmr-snli,UnVuOnYxOmFnZzgwamR3Om1yeGxtci1zbmxpOmFyb25pbWE3LXN0YW5mb3JkLXVuaXZlcnNpdHk=,mrxlmr-snli-30pct,finished,0.8227,,,0.4562,-26.4288,,,0.45624324679374695,8.8354,93.0973,72.0101,17.6947,555.195,93.1,,,17.35,108412289252047870,,0.8227,,,,0.4562,-26.4288,-15.2257,0,0,-30,7.0084,7h 39m 57s,,3,Epoch 3.00/3.0,,,,,,,,51504,5.5593109130859375,,1.941596769182976e-09,0.4562,8.8354,93.0973,72.0101,,,,,,,93.1,,,,,,,,,,,,,,,,0.5770098834341081,27577.0138,59.764,1.868,https://wandb.ai/aronima7-stanford-university/mrxlmr-snli/runs/UnVuOnYxOmFnZzgwamR3Om1yeGxtci1zbmxpOmFyb25pbWE3LXN0YW5mb3JkLXVuaXZlcnNpdHk=
