step,step_label,soft_accuracy,hard_accuracy
1000,1000,0.810668,0.810261
2000,2000,0.825428,0.827362
3000,3000,0.850570,0.851588
4000,4000,0.853624,0.854133
5000,5000,0.855151,0.855558
6000,6000,0.863905,0.864719
7000,7000,0.867060,0.866450
8000,8000,0.871539,0.871641
9000,9000,0.878970,0.879784
10000,10000,0.879581,0.881413
11000,11000,0.882329,0.882736
12000,12000,0.886095,0.885281
13000,13000,0.889760,0.890371
14000,14000,0.889963,0.890269
15000,15000,0.891796,0.891999
16000,16000,0.890472,0.889963
17000,17000,0.892712,0.892712
18000,18000,0.895155,0.894035
19000,19000,0.893526,0.893221
20000,20000,0.894646,0.896274
21000,21000,0.896274,0.897089
22000,22000,0.898107,0.898208
23000,23000,0.896885,0.896987
24000,24000,0.898412,0.898310
25000,25000,0.892814,0.893119
26000,26000,0.895765,0.895257
27000,27000,0.897191,0.897700
28000,28000,0.899430,0.899328
29000,29000,0.898107,0.899735
30000,30000,0.899125,0.899226
31000,31000,0.899226,0.899328
32000,32000,0.900244,0.900957
33000,33000,0.902586,0.902178
34000,34000,0.902077,0.900957
35000,35000,0.901466,0.901568
36000,36000,0.899532,0.899634
37000,37000,0.900346,0.900448
38000,38000,0.901466,0.901364
39000,39000,0.900855,0.899939
40000,40000,0.899837,0.900448
41000,41000,0.900550,0.900753
42000,42000,0.900346,0.900143
43000,43000,0.899939,0.899328
44000,44000,0.901466,0.901466
45000,45000,0.901568,0.902586
46000,46000,0.902280,0.901873
47000,47000,0.902789,0.902687
48000,48000,0.901568,0.901873
49000,49000,0.902178,0.901160
50000,50000,0.902687,0.902586
51000,51000,0.901873,0.902586
51504,51504,0.902077,0.902586
51505,final,0.902077,0.902586
